技巧,1,185,226,175,239,238,171,191,255
先制,1,230,163,149,24,33,36,81,9
破壊,1,143,188,210,70,63,61,228,75
閃光,2,177,187,55,179,27,219,138,102
英霊紀行：アタランテ,4,177,99,157,37,107,197,60,220
英霊紀行：アナスタシア,4,184,113,102,31,80,41,221,237
英霊紀行：アビゲイル・ウィリアムズ,4,146,99,236,99,153,158,195,25
英霊紀行：天草四郎,4,134,209,156,182,97,188,199,121
英霊紀行：アルトリア・ペンドラゴン,4,249,82,234,58,137,173,87,102
英霊紀行：イシュタル,4,154,225,230,22,105,12,0,28
英霊紀行：牛若丸＆武蔵坊弁慶,4,32,71,133,41,205,181,48,41
英霊紀行：エレシュキガル,4,241,106,214,177,185,57,207,238
英霊紀行：燕青,4,57,206,70,228,27,216,59,244
英霊紀行：岡田以蔵,4,154,15,102,109,96,145,128,128
英霊紀行：刑部姫,4,19,116,198,242,109,205,51,220
英霊紀行：葛飾北斎,4,22,86,205,164,179,77,50,204
英霊紀行：加藤段蔵,4,30,89,166,19,161,194,137,252
英霊紀行：カルナ＆アルジュナ,4,206,167,124,67,196,130,110,230
英霊紀行：清姫,4,113,192,12,243,241,54,134,254
英霊紀行：キングプロテア,4,51,102,221,138,214,173,187,55
英霊紀行：クー・フーリン,4,182,154,118,8,178,111,177,38
英霊紀行：虞美人,4,54,13,100,56,25,6,137,92
英霊紀行：ゲオルギウス,4,156,175,79,198,50,25,73,4
英霊紀行：玄奘三蔵,4,57,50,76,180,220,110,145,76
英霊紀行：佐々木小次郎,4,150,177,110,16,161,66,1,128
英霊紀行：シグルド＆ブリュンヒルデ,4,81,165,224,218,241,63,109,254
英霊紀行：シャーロック・ホームズ,4,179,242,231,78,49,211,204,27
英霊紀行：ジャガーマン,4,89,214,109,154,99,62,215,107
お気に入りの一枚,4,211,41,41,35,249,86,60,0
英霊紀行：ジャック・ザ・リッパー,4,112,209,68,146,97,246,63,204
英霊紀行：酒呑童子,4,154,214,204,178,145,11,6,100
英霊紀行：スカサハ＝スカディ,4,28,6,102,6,97,137,128,52
英霊紀行：鈴鹿御前,4,150,49,198,145,114,36,166,76
英霊紀行：清少納言,4,49,51,228,254,69,236,115,118
英霊紀行：謎のヒロインX,4,37,152,182,120,95,182,187,44
英霊紀行：ニトクリス,4,153,200,102,36,119,13,217,54
英霊紀行：風魔小太郎,4,214,62,75,177,173,101,21,64
英霊紀行：フランケンシュタイン,4,137,118,239,57,118,89,248,229
英霊紀行：ベディヴィエール,4,158,105,102,132,75,37,146,153
英霊紀行：紅閻魔,4,121,181,110,153,239,223,47,102
英霊紀行：ヘラクレス,4,89,24,229,150,152,119,143,244
英霊紀行：ポール・バニヤン,4,149,217,84,19,3,143,145,103
英霊紀行：マーリン,4,11,201,6,203,177,113,91,182
英霊紀行：マシュ・キリエライト,4,161,211,118,235,155,108,251,206
英霊紀行：マリー・アントワネット,4,58,22,68,122,168,32,76,135
英霊紀行：マルタ,4,61,134,196,14,218,45,39,233
英霊紀行：宮本武蔵,4,25,65,220,179,185,103,179,253
英霊紀行：紫式部,4,217,50,108,115,115,206,68,118
英霊紀行：メドゥーサ,4,185,135,102,167,237,228,174,114
英霊紀行：森長可,4,58,228,153,38,206,217,51,72
英霊紀行：柳生但馬守宗矩,4,211,201,47,112,222,0,255,129
英霊紀行：蘭陵王,4,177,99,78,210,245,236,158,247
英霊紀行：レオナルド・ダ・ヴィンチ,4,16,191,141,1,3,23,189,84
Waltz in the MOONLIGHT,4,179,2,40,253,255,121,186,124
夢録,4,46,75,88,5,65,144,0,197
魔王の手向け,4,5,227,251,45,249,119,99,253
神剣,4,161,222,210,163,94,178,61,80
証,4,202,105,15,25,89,204,228,115
終わりと始まりのものがたり,4,49,189,218,205,75,53,201,182
彷徨える神秘の島にて,4,170,211,156,201,108,38,105,98
自画像、カルデアにて,4,114,204,174,14,35,19,192,201
堰界の理,4,91,192,240,117,176,188,160,253
クリスマスベルト,4,19,90,22,121,237,155,119,178
ランチは軽快に,4,163,253,228,34,219,77,50,129
夜空に祈りを,4,161,174,145,91,230,27,54,87
偶の一興,4,43,180,118,238,146,89,51,238
穏やかな歩み,4,177,147,243,9,206,123,35,174
月光の舞踏会,4,251,241,199,176,25,227,121,157
鞠もをかし,4,155,133,9,65,108,82,182,188
その後に続くもの,4,3,184,195,239,63,219,46,251
痣丸,4,185,177,153,57,251,238,108,71
鬼一の高下駄,4,87,103,205,221,145,128,220,184
ウィンターキャラバンオンライン,4,237,208,153,79,59,160,68,222
Fate/Grand Order Memories Ⅲ,4,72,113,55,241,230,6,150,209
春に歌えば,4,181,78,169,229,41,141,99,201
キプロスの記憶,4,186,180,182,220,201,75,43,167
ハンド・イン・ハンド,4,13,31,210,203,86,185,118,222
メイク・ア・トースト,4,178,13,47,253,88,82,3,128
セレブレイション・ブーケ,4,51,109,228,218,90,27,182,58
アプリシエイション,4,166,219,45,196,92,36,34,90
希望を、あなたと,4,213,169,113,70,166,26,93,58
デモテープ あなたの銀河,4,116,70,137,57,182,205,91,165
Fate/Grand Carnival 1st Season,4,28,153,230,8,110,129,156,161
最果てにて,4,209,83,205,238,157,251,59,211
オーロラ,4,169,173,134,147,211,95,105,123
聖槍ロンギヌス,4,26,54,193,33,170,132,108,204
胃袋で倒せ,4,76,253,182,219,96,50,77,48
不器用な歓び,4,74,97,210,233,246,58,40,22
２千４百年後の約束,4,204,157,111,72,10,165,86,210
終局特異点 冠位時間神殿ソロモン,4,20,19,146,106,234,102,2,60
無穹の空の片隅で,4,164,31,135,38,8,4,194,115
夏とアイスとヴィイ,4,141,70,24,241,204,39,171,184
大海蛇,4,76,185,121,210,166,73,66,134
イリュージョン・フォー・ユー,4,26,155,96,79,250,20,200,148
あてなるもの2021,4,146,79,64,186,165,171,82,215
夏の堕落セット,4,142,227,48,39,6,21,83,33
サマーアドベンチャー・メモリー,4,122,135,71,163,22,190,125,217
コヤンスカヤの野望～東海岸版～,4,156,107,129,217,65,159,109,104
英霊巡遊：蘆屋道満,4,19,241,230,134,25,48,128,187
英霊巡遊：アシュヴァッターマン,4,49,217,206,180,173,45,37,174
英霊巡遊：アスクレピオス,4,223,82,197,68,133,112,177,250
英霊巡遊：アストルフォ,4,147,241,96,31,5,251,244,217
英霊巡遊：アビゲイル・ウィリアムズ,4,89,121,123,108,153,113,197,115
英霊巡遊：アマデウス,4,250,163,196,30,96,187,0,50
英霊巡遊：アルトリア・キャスター,4,58,75,198,104,120,24,25,133
英霊巡遊：アルトリア・ペンドラゴン,4,57,59,68,37,147,26,75,149
英霊巡遊：イアソン,4,45,243,166,51,228,54,217,104
英霊巡遊：イシュタル,4,145,25,199,6,156,111,206,251
英霊巡遊：牛若丸,4,187,112,238,172,32,70,243,144
英霊巡遊：ヴリトラ,4,155,176,143,102,9,198,105,216
英霊巡遊：エレナ・ブラヴァツキー,4,30,147,70,37,208,201,136,147
英霊巡遊：織田信勝,4,158,207,28,54,140,36,36,21
英霊巡遊：カーマ,4,89,60,12,102,155,230,102,156
英霊巡遊：カーミラ,4,113,211,60,102,152,39,147,95
英霊巡遊：ガレス,4,3,24,228,227,156,108,251,143
英霊巡遊：玄奘三蔵,4,150,77,109,137,27,85,136,153
英霊巡遊：ヴァン・ゴッホ,4,39,184,206,158,108,149,57,149
英霊巡遊：斎藤一,4,52,60,198,199,241,57,24,150
英霊巡遊：ジャガーマン,4,26,28,97,230,234,209,69,16
英霊巡遊：女王メイヴ,4,155,218,97,165,224,91,37,145
英霊巡遊：スカサハ＝スカディ,4,63,59,204,198,159,64,240,112
英霊巡遊：千子村正,4,62,26,198,197,56,205,152,51
英霊巡遊：ディオスクロイ,4,106,116,9,229,166,19,138,7
英霊巡遊：謎のアイドルX,4,144,131,96,36,59,85,181,160
英霊巡遊：ニトクリス,4,20,133,197,68,169,228,227,147
英霊巡遊：バーソロミュー・ロバーツ,4,26,152,52,101,13,96,144,135
英霊巡遊：卑弥呼,4,146,185,12,46,83,213,171,98
英霊巡遊：紅閻魔,4,54,52,198,75,12,140,70,198
英霊巡遊：ボイジャー,4,27,233,109,214,41,144,52,216
英霊巡遊：ミス・クレーン,4,137,116,28,237,106,83,87,221
英霊巡遊：謎のアルターエゴ・Λ,4,16,57,207,166,153,81,126,71
英霊巡遊：ジェームズ・モリアーティ,4,184,165,102,86,80,183,65,25
英霊巡遊：楊貴妃,4,185,245,70,236,17,108,169,20
英霊巡遊：渡辺綱,4,56,11,134,104,97,2,199,192
Fate/Grand Carnival 2nd Season,4,162,205,110,50,233,173,118,165
燈光の少女,4,227,232,95,157,61,35,100,81
亡き王女のためのパヴァーヌ,4,188,97,3,156,11,9,182,103
昏き森淵の護符,4,66,35,251,216,218,249,153,131
黄金の枷,4,117,115,111,104,184,172,140,135
休むことなきガラスの靴,4,129,75,220,209,188,94,189,214
月夜の闘宴,4,10,185,102,153,17,98,50,32
とある海での出来事,4,42,153,57,36,25,219,193,38
神の骸,4,187,230,142,235,5,231,39,70
願いよ星を結べ,4,153,179,38,102,108,204,206,220
見上げた空…,4,94,209,1,71,129,24,163,97
打神鞭,4,107,242,116,202,167,159,253,223
ズメイ・ゴルィニシチェ,4,201,202,125,246,116,241,155,201
カルデア･サテライトステーション,4,49,70,102,243,189,242,36,219
小獅子の舞,4,61,130,206,15,130,163,179,98
初詣に行こう,4,186,87,192,106,217,194,26,248
コヤンスカヤの野望～ユーラシア版～,4,205,85,82,201,89,106,119,123
託されたもの,4,169,73,90,151,181,178,60,51
アンヴァル,4,57,182,177,220,207,27,30,126
子象たち,4,41,203,119,84,142,223,192,31
目覚め,4,33,103,176,199,14,89,234,158
大いなる神秘,4,1,233,177,217,110,247,254,247
けだものだった頃,4,33,252,185,103,204,240,121,135
故郷,4,105,45,142,131,252,231,62,103
ますますマンガで分かる！FGO,4,184,22,98,195,98,195,97,233
頑強,1,250,174,67,178,73,4,107,195
瞑想,1,4,193,219,211,4,4,4,102
好機,2,113,140,103,62,191,242,220,243
豊穣,2,81,251,60,45,174,190,150,58
集中,2,152,254,244,135,242,2,127,168
天啓,2,242,151,50,116,93,37,50,88
アゾット剣,3,98,206,24,3,146,251,30,156
偽臣の書,3,19,132,3,248,28,230,102,206
青の黒鍵,3,66,199,206,9,71,233,150,121
緑の黒鍵,3,195,241,185,237,109,205,156,157
赤の黒鍵,3,139,112,63,134,239,198,253,223
凛のペンダント,3,3,195,121,105,75,176,78,146
魔導書,3,145,209,238,197,233,166,246,253
龍脈,3,99,147,9,7,232,218,108,216
魔術鉱石,3,139,88,159,56,105,135,254,124
竜種,3,44,38,147,244,211,2,244,81
鋼の鍛錬,4,30,56,98,133,84,136,140,0
原始呪術,4,75,241,75,147,219,47,28,239
投影魔術,4,165,103,108,6,91,91,118,214
ガンド,4,51,110,115,155,204,220,99,127
緑の破音,4,156,99,32,189,72,176,2,140
宝石魔術・対影,4,90,123,100,89,52,73,100,128
優雅たれ,4,177,157,165,110,91,165,58,90
虚数魔術,4,185,150,74,108,230,123,117,118
天の晩餐,4,167,251,202,103,205,108,38,73
天使の詩,4,33,234,194,219,150,251,226,223
フォーマルクラフト,5,159,157,96,70,144,227,124,73
イマジナリ・アラウンド,5,146,153,98,166,143,59,32,16
リミテッド／ゼロオーバー,5,3,201,14,38,44,14,51,177
カレイドスコープ,5,135,49,186,192,236,254,112,121
ヘブンズ・フィール,5,38,109,126,59,3,76,19,64
旅の始まり,4,35,3,159,200,95,158,179,158
葦の海,3,217,85,79,168,215,185,174,250
封印指定　執行者,4,241,124,150,237,243,121,127,254
マグダラの聖骸布,4,35,201,82,160,239,230,135,125
プリズマコスモス,5,163,161,99,222,243,243,202,219
ムーンセル・オートマトン,3,9,197,198,187,192,191,209,123
ムーニー・ジュエル,4,147,153,167,39,39,248,167,102
月女神の沐浴,5,171,196,246,146,49,44,51,115
ルーンストーン,3,188,255,25,101,64,228,124,185
一の太刀,4,92,112,166,11,185,217,32,2
黒の聖杯,5,89,186,31,46,118,174,119,167
ジャック・オー・ランタン,3,131,138,31,184,101,242,118,182
ハロウィン・アレンジメント,4,37,201,132,78,209,170,222,155
ハロウィン・プチデビル,5,27,137,28,187,234,99,248,79
メイド・イン・ハロウィン,5,129,75,146,190,99,55,107,243
そして船は征く,3,173,195,114,253,33,29,53,197
コードキャスト,4,155,153,228,100,24,82,80,115
月の勝利者,5,147,64,26,236,230,46,23,60
もう一つの結末,5,152,150,111,110,38,7,139,70
Fateぐだぐだオーダー,3,231,57,78,64,73,151,147,244
打ち上げオーダー！,4,102,103,18,38,185,51,12,201
ぐだぐだ看板娘,5,122,149,3,110,47,22,50,41
魔猪,3,148,107,173,147,201,201,73,131
騎士の矜持,4,216,153,116,252,121,100,200,9
2030年の欠片,5,154,43,77,148,122,207,137,4
雷光のトナカイ君,3,67,201,210,225,11,112,31,191
聖者の行進,4,121,16,174,188,82,80,199,155
プレゼント・フォー・マイマスター,5,179,230,200,51,30,160,197,47
時計塔,3,14,163,104,73,150,64,66,135
死霊魔術,4,227,194,56,114,141,120,254,190
目覚めた意志,4,3,131,122,179,140,108,231,239
五百年の妄執,5,27,169,249,14,19,251,238,30
2016年の平穏,3,150,74,98,145,95,189,171,10
ヒロイック・ニューイヤー,4,60,66,1,135,112,10,77,156
ジャングルの掟,3,58,111,51,153,182,200,100,33
グランド・ニューイヤー,5,204,25,61,96,86,139,97,168
ハッピー×3・オーダー,4,149,111,146,241,205,51,73,201
正射必中,3,77,108,103,204,217,183,79,243
みこっと！花嫁修業,4,30,210,200,33,154,68,66,12
紅蓮なり影の国,5,135,139,60,135,88,90,242,140
柳洞寺,3,210,33,195,11,8,12,60,18
魔力計,3,243,60,166,231,206,223,221,59
愛の霊薬,3,153,62,71,49,122,149,59,250
シュトルヒリッター,3,169,104,188,252,222,189,220,27
阿蘭若,3,3,115,28,105,117,158,253,211
モータード・キュイラッシェ,3,152,100,228,91,154,204,164,135
ライオンのぬいぐるみ,3,135,28,200,199,216,25,228,179
ルーの光輪,3,41,188,218,237,143,205,103,239
聖者の依代,5,129,219,75,164,238,154,247,119
千年黄金樹,4,105,114,153,121,157,228,183,166
英霊肖像:マシュ・キリエライト,4,55,209,142,123,147,139,121,155
英霊肖像:アルトリア・ペンドラゴン,4,51,195,220,50,156,76,51,254
英霊肖像:ジャンヌ・ダルク,4,114,209,197,34,18,88,12,202
英霊肖像:アルテラ,4,129,15,54,207,123,187,254,124
英霊肖像:アルジュナ,4,14,36,52,131,198,24,34,92
英霊肖像:スカサハ,4,148,21,100,172,115,117,185,186
英霊肖像:牛若丸,4,98,210,140,49,94,188,122,197
英霊肖像:ヘンリー・ジキル＆ハイド,4,49,235,226,155,113,12,236,155
英霊肖像:メフィストフェレス,4,91,160,103,95,218,227,109,245
英霊肖像:ダレイオス三世,4,79,109,148,226,72,245,172,222
涙のバレンタイン道場,3,201,121,39,134,13,254,126,184
キッチン☆パティシエール,4,224,231,7,163,131,30,180,46
ストリート・チョコメイド,5,74,105,252,70,86,218,33,150
老成の翁,5,154,209,70,110,237,18,179,211
冠位人形師,5,161,188,92,239,167,227,250,126
拳舞は鮮やかに,4,30,28,118,110,173,96,211,148
歪曲の魔眼,4,51,39,204,28,243,247,158,115
夏の未来視,4,5,46,15,83,239,46,125,149
リフレイン,4,86,117,156,188,134,198,68,2
スプリンター,3,137,37,216,17,55,120,62,251
リピート・マジック,3,67,27,30,171,38,197,57,145
センセイとボク,5,126,243,153,8,209,76,139,140
ヴァーサス,5,147,18,72,238,157,204,125,154
月下の四匹,4,224,75,27,183,177,104,90,166
グラスフル・スイートタイム,4,32,165,103,240,28,143,195,112
サロン・ド・マリー,3,232,255,30,24,7,2,45,160
プリンス・オブ・スレイヤー,3,67,140,177,254,28,15,247,143
ノイジー・オブセッション,4,147,231,100,66,82,78,31,57
Last Encore,4,241,57,24,67,102,152,170,236
[Heaven's Feel],4,73,172,243,238,118,228,235,187
理想の王聖,5,60,205,73,178,38,33,209,20
レコードホルダー,4,51,226,142,44,199,79,140,119
波濤の獣,3,69,131,7,39,49,123,229,62
毒蛇一芸,4,233,182,228,108,89,219,219,111
死の芸術,4,249,87,4,3,214,185,111,219
柔らかな慈愛,4,150,167,66,132,33,147,232,153
月霊髄液,5,171,27,179,124,39,19,112,144
恋知らぬ令嬢,4,110,100,112,140,48,122,184,49
セルフ・ギアス・スクロール,3,131,81,84,249,212,204,230,121
目醒め前,5,37,84,96,45,214,251,197,204
狐の夜の夢,5,107,10,30,225,128,228,255,223
恋談火焔行,4,133,48,252,247,126,78,51,255
勧進帳読み上げ,3,77,114,246,235,19,219,177,122
Go West!!,5,190,84,146,161,153,5,144,24
英雄風采 三英傑,5,114,175,252,39,70,12,193,51
三昧真火,4,41,50,165,76,182,115,53,157
三色兼備,3,167,159,204,49,49,250,79,222
ブロンズリンク・マニピュレーター,3,49,198,99,13,197,125,127,60
アトゴウラ,3,65,249,230,100,249,89,181,229
ヒュドラ・ダガー,3,26,107,31,142,96,48,14,205
過ぎ去りし夢,3,206,46,104,109,46,13,161,97
激辛麻婆豆腐,3,188,223,161,14,97,14,101,140
宝石剣ゼルレッチ,3,161,43,90,231,123,210,255,223
花より団子,5,82,151,212,7,152,49,79,150
秘剣・雉子返し,3,88,173,110,54,79,199,187,64
忠犬待ったなし,4,217,89,28,201,223,156,235,91
起源弾,5,197,236,82,233,70,155,227,218
援護射撃,4,218,176,38,105,54,217,145,9
カムランの戦い,3,233,155,110,75,188,238,241,63
アニバーサリー・ヒロインズ,4,110,50,153,139,151,141,224,141
足どりは軽やかに,5,147,120,107,252,237,129,81,31
王の相伴,5,233,52,79,209,57,27,206,124
ゴールドフィッシュ・スクーピング,4,119,128,19,29,37,109,58,231
ファイヤーフラワー,3,57,97,55,164,153,236,102,155
パイレーツ・パーティー！,5,31,45,10,214,173,184,22,181
トワイライト・メモリー,4,57,15,167,66,140,198,158,243
シャイニー・ゴッデス,3,226,86,70,36,38,219,54,76
ナイツ・オブ・マリーンズ,5,145,154,51,227,236,46,175,222
ミートウォーズ,4,2,83,54,157,92,125,201,57
虚影の塵風かき氷,3,77,1,186,236,225,211,190,240
蒼玉の魔法少女,5,249,152,45,113,180,174,155,146
見敵必殺,4,135,83,13,124,41,184,75,7
ずんがずんが！,3,248,101,202,174,41,155,33,184
パラドクス・エースキラー,4,220,122,33,36,25,27,227,74
概念礼装EXPカード：マジカルルビー,3,78,219,35,156,114,51,49,240
誉れを此処に,5,185,67,126,25,211,228,152,39
原初のレギオン,4,34,247,240,12,46,86,208,140
月に吼える,3,78,193,165,5,79,60,5,164
デンジャラス・ビースト,5,123,67,162,90,1,182,50,218
月夜の魔女,4,129,22,121,199,118,173,219,214
ロマニ・アーキマン伯爵の歓待,3,25,248,184,206,39,51,252,237
フラガラック,3,160,180,95,195,244,9,57,151
天の逆月,3,34,23,153,80,113,222,64,104
静穏なひと時,5,35,137,156,247,198,90,74,236
聖者の招待,3,185,152,227,108,70,114,173,76
魔性菩薩,5,67,228,241,210,222,223,222,191
ルームガーダー,4,125,160,146,41,107,57,238,173
ミラクル求道者,3,60,118,115,176,15,142,83,91
ファースト・サンライズ,5,9,254,120,10,63,3,54,119
射初の一矢,4,85,143,3,30,45,122,180,45
カッコーの巣の上で,3,69,190,214,52,229,221,182,75
聖夜の読書,4,185,179,166,153,109,238,250,230
固有結界,3,15,245,130,14,250,91,115,126
若返りの霊薬,3,194,28,243,2,29,112,1,24
謎の仮面群,3,114,113,199,80,69,4,113,196
キュート・オランジェット,5,250,60,6,198,96,8,0,3
ショコラティエ,5,113,59,187,150,172,228,137,17
チョコ・エンゼル,4,240,11,144,194,190,243,89,230
ビター・ブラック,4,149,33,14,173,124,214,224,231
ブレスフル・タイム,3,1,91,222,118,23,219,247,166
勝者の余裕,3,7,58,76,214,146,18,218,88
フリーランサー,3,204,26,33,229,28,86,38,76
熱砂の語らい,5,12,63,226,232,74,130,142,138
探偵ヱドモン～春先旅情編～,5,133,201,62,150,221,174,179,141
アズ・ユー・ウィッシュ,5,185,201,22,245,109,211,186,59
カフェ・キャメロット,4,124,89,217,6,254,32,94,31
アウトレイジ,4,85,73,207,165,46,164,164,53
オペレーション・フィオナ,4,82,214,205,96,148,214,174,213
キャトルフィーユ,3,218,121,13,120,120,199,143,15
ネヴァーランド,3,75,20,157,9,180,116,61,52
ラ・シエスタ,3,241,19,45,252,175,73,211,189
第六天魔王,5,85,81,45,45,37,231,87,91
春風遊歩道,4,62,244,195,12,77,2,33,2
社交界の華,3,140,167,158,172,66,131,47,223
我らが征くは星の大海,5,210,179,47,177,19,166,140,52
月の海の生徒会,4,94,1,197,132,32,4,32,36
始まりの予感,4,73,54,178,105,19,15,108,248
ザ・ケージ,3,19,7,166,241,182,114,120,178
瓦礫の聖堂,3,153,228,39,180,127,190,124,155
まるごしシンジ君,3,129,147,30,229,111,241,198,233
アトラス院,3,199,161,104,191,193,61,120,3
幻想種,3,22,11,87,236,152,172,5,162
カルデア・アニバーサリー,5,240,207,104,58,166,195,44,51
アフタヌーン・パーティー,4,3,175,246,128,27,113,210,147
スターライト・フェスト,3,169,102,110,49,17,243,206,236
サマー・リトル,5,207,185,120,234,3,198,6,237
ホワイト・クルージング,4,214,190,34,54,203,193,201,165
シュガー・バケーション,3,108,90,183,139,73,169,207,134
真夏のひと時,5,46,110,75,82,181,196,49,176
キング・ジョーカー・ジャック,4,82,99,141,37,44,110,38,84
カルデア・ビーチバレー,3,13,242,79,255,200,47,247,127
バトル・オリンピア,5,99,147,100,247,13,225,119,54
フード・コロシアム,4,40,252,87,76,151,19,36,46
マッスル・キャバリエ,3,229,152,82,53,124,166,27,203
Replica; Agateram,4,155,120,114,196,63,193,112,249
願いの先,5,169,168,200,149,198,77,210,20
戦友,4,193,230,75,54,89,54,219,239
夢の跡,3,181,110,44,18,206,59,239,154
神造兵装,3,186,98,66,22,108,211,11,20
トリック・オア・トリートメント,5,155,233,228,54,140,123,0,8
ファントム・ナイト,4,217,24,173,237,201,218,190,52
不思議の国から,3,88,31,255,196,163,122,167,50
魂喰い,3,171,187,200,239,130,222,253,156
スターリー・ナイツ,5,225,140,189,124,163,123,158,206
パーティー・タイム,4,154,195,18,56,221,87,22,40
スノー・パイレーツ,3,157,129,38,88,46,175,210,145
ニュー・ビギニング,5,123,124,21,142,92,41,197,1
アヴァロン・セレブレイト,4,232,23,115,157,44,162,107,26
幸せとは温い子犬,3,195,38,85,175,205,19,32,28
ファラオ・チョコラトル,5,236,220,57,71,38,46,148,65
はじめてのバレンタイン,4,252,220,0,140,233,145,156,113
ウィッチズ・キッチン,3,212,26,57,101,105,57,44,46
スター・オブ・キャメロット,5,122,97,205,189,150,27,51,115
探偵ヱドモン～異邦潜入編～,5,27,72,35,220,159,231,254,255
ガトー・オ・ショコラ,4,209,241,109,3,160,120,15,233
黄金と太陽の勝負師,4,205,234,102,7,52,126,59,118
カルデア特捜班,4,157,203,34,4,41,142,227,179
ウェルカム・ダイナー,3,141,33,247,104,254,253,33,110
マスケティアーズ,3,105,97,182,169,18,22,239,255
雨上がりの君,3,63,79,196,143,198,112,109,198
陽だまりの中で,5,59,236,236,73,55,55,228,209
最後の語り部,4,188,140,19,29,26,66,110,38
叡智の光,3,121,82,45,27,21,101,122,207
異端のヤガ,4,89,74,181,118,241,206,134,189
闘争,1,189,1,120,90,251,158,111,243
連鎖,1,193,1,248,23,151,114,205,51
断絶,1,227,56,190,59,254,221,206,253
覚醒,1,42,245,80,113,254,79,84,84
飢餓,1,19,220,230,62,219,220,99,178
慈愛,2,246,136,199,211,197,181,157,197
繁栄,2,229,211,88,174,22,11,188,67
欺瞞,2,171,240,58,111,162,251,156,62
同調,2,49,149,200,143,252,192,15,248
暗澹,2,33,204,114,35,206,51,204,59
彼方への巡礼,5,212,120,75,169,57,176,182,54
刹那のまほろば,4,250,232,167,83,32,23,124,56
出発進行！,3,86,184,51,198,88,77,233,41
帝都聖杯戦争,5,147,243,12,111,181,92,173,153
坂本探偵事務所,4,225,94,84,215,251,116,158,234
牙研ぐ暗剣,3,22,156,50,102,206,243,72,96
アトラスの嬰児,5,108,24,166,17,113,161,41,16
スイーパー,4,155,105,102,224,219,248,153,188
桜の特製弁当,3,212,25,165,3,22,205,33,6
花園の少女,4,223,114,156,102,182,139,102,207
愛と希望の物語,5,67,151,54,15,189,181,69,87
グレイテスト・ジャーニー,4,29,232,206,148,230,217,166,255
TEAM Phoenix,3,49,196,221,181,177,43,178,24
エメラルド・フロート,5,229,73,211,178,203,73,198,103
疾風怒濤,4,153,122,79,159,224,230,217,100
オールナイト・フィーバー,3,198,135,80,107,172,20,32,2
ヒーロー・オン・ザ・ビーチ,5,15,88,194,199,58,63,192,199
サンセット・ジャム,4,233,217,210,45,185,210,247,243
ライティング・ハイ,3,20,243,150,190,243,1,255,29
Fate/Grand Order Memories I,4,178,39,225,88,82,10,1,0
Gilgamesh in NY,5,66,139,30,60,243,195,204,50
摩天楼に輝く,4,76,137,254,53,83,193,18,234
ショウ・タイム,3,11,228,59,84,120,122,229,165
Welcome to ONILAND!!,5,89,146,94,15,189,173,251,198
ただ紅く,4,219,71,178,228,242,153,22,15
足柄ブラザーズ,3,200,59,124,84,166,129,70,32
火炎伯爵,5,49,147,134,12,45,156,243,238
彼方の先には,4,129,146,120,111,231,146,223,127
深窓の麗人,3,186,50,227,220,231,114,167,230
不死鳥は大地に,4,252,49,200,44,109,24,135,205
シュヴィブジック・スノー,5,84,41,194,252,27,7,43,65
リング・ザ・ベル,4,235,144,90,178,196,99,225,95
バーニング・ライヴシート,3,178,222,11,236,10,102,96,129
笑顔のしるし,5,58,90,141,27,94,61,160,182
正月の神秘,4,113,155,100,4,156,115,85,191
慎ましき豚,3,3,218,35,240,46,118,233,94
ビター・スイート,5,25,109,92,255,218,199,254,237
ワルキューレ・スタイル,4,118,137,154,113,37,133,140,88
メモリー・オブ・クオリア,3,74,75,186,19,72,45,244,45
探偵ヱドモン～真の黒幕編～,5,45,204,131,39,140,154,179,239
ダンス・ウィズ・ラウンズ,5,137,253,97,201,176,45,175,26
深謀遠慮,4,126,25,3,194,84,52,10,216
桜花爛漫,4,218,205,7,176,116,107,4,135
センセとオレ,4,198,65,99,193,196,160,134,244
ＢＡＲトロイア,3,172,184,83,111,152,107,99,94
アンダー・ザ・ナイフ,3,106,134,150,79,217,168,100,144
エンジェル・ブレス,3,49,61,14,88,238,160,102,168
マスカレイド・オブ・ザ・ヴァンパイア,3,153,229,118,200,188,200,63,77
姫様行脚,5,191,203,202,48,145,240,114,198
春うらら,4,15,53,90,140,228,203,244,133
火消魂,3,89,225,137,159,107,88,207,49
ホワイダニット,5,50,123,124,67,140,92,165,142
冬の祈り,4,121,99,204,119,204,153,55,153
エルメロイ教室,3,131,17,54,233,158,188,136,237
黄昏の王聖,5,217,107,230,182,88,101,218,216
ラ・フォリア,4,33,86,141,236,30,220,45,179
デイ・アフター,3,201,199,238,49,110,205,78,136
家族の肖像,4,206,109,99,146,145,49,99,0
群雄割拠,5,39,248,236,86,142,251,115,109
軍神,4,57,211,84,200,63,15,255,253
鬼の茶会,3,14,198,227,60,115,56,200,121
ウォーク・イン・ザ・パーク,5,147,52,72,47,14,199,226,25
モーニング・グローリー,4,34,38,180,83,233,134,198,131
サンデー・ディナー,3,97,178,154,119,238,108,148,7
ウェルカム・バニー,5,154,199,117,38,142,48,51,193
パープル・アイ,4,5,185,204,236,185,221,59,251
夏の閻魔亭,3,243,205,224,28,220,187,91,205
プールサイド・バー,5,43,22,58,211,66,115,43,192
レディース＆ジェントルメン,4,198,13,195,24,19,134,224,201
羊の数え歌,3,86,42,177,217,46,130,194,227
ラウンド・アンド・ラウンド,5,50,87,244,73,86,232,25,142
フライ・オフ,4,9,177,103,206,115,79,159,247
フロム・ウルク,3,111,180,176,87,151,60,125,223
プリンセス・オブ・アンコ,5,241,112,139,254,110,241,109,206
プラネット・ロック,4,129,210,171,107,43,124,166,139
文武一道,3,99,152,26,236,101,230,163,103
乙女たちの午餐会,5,100,236,79,8,188,228,44,41
想いの配達人,4,104,29,121,176,165,185,195,54
ウィズ・マイ・ファミリー,3,139,126,196,82,10,177,213,168
救済を願いし者,5,60,3,64,92,242,73,64,111
野望の嚆矢,4,186,251,239,92,68,2,0,0
ノーブル・ピース,3,67,74,158,111,239,254,221,255
アルゴノーツ,4,40,73,79,47,248,191,165,13
空を道とし,5,176,215,83,228,9,153,229,73
晴れの曙,4,241,55,253,50,176,235,230,47
ぼくらはともだち,3,3,35,14,135,243,125,151,122
独楽の舞い踊り,4,102,23,97,45,12,77,56,36
チョコレート・ヘヴン,5,89,220,185,54,222,185,249,72
クイーンズ・ドリーム,4,190,5,81,81,11,39,10,133
ミッドナイト・テンション,3,83,181,79,100,144,214,75,197
王権微行,5,78,253,132,160,67,131,24,205
ブルー・イリュージョン,5,252,21,25,11,229,54,31,210
エクスクルーシブ・テイラー,4,139,185,242,211,245,127,110,30
探偵ヱドモン～新章突入編～,4,200,185,226,231,27,140,56,40
俺様生徒会,4,9,17,207,26,162,186,81,248
乱世上々,3,50,220,128,115,60,2,191,216
ゴッズ・ディール,3,71,146,104,236,57,247,157,95
ダディ・レターライブ,3,153,147,69,251,75,179,185,51
ブザー・ビーター,3,142,11,135,123,2,215,248,5
ウィッチクラフト,5,177,44,203,230,204,241,250,89
リズムド・バース,4,83,92,33,239,96,241,236,194
黄金樹の系譜,3,97,28,99,150,55,227,45,235
共に明日を,4,201,59,110,134,90,135,136,201
ミッション・スタート,5,158,99,179,184,20,73,184,180
トーナメント・スター,4,222,217,73,3,50,49,90,73
ミックス・ジュース,3,171,229,126,147,60,231,62,207
ハニー・レイク,5,134,156,47,102,80,1,22,115
ハッピー☆ドライブ,4,179,56,233,102,248,120,95,189
ホラー・コンシェルジュ,3,81,81,175,154,92,225,202,238
セレブレイト・メモリーズ,5,205,107,41,186,10,126,211,122
ブレイン・ストーミング,4,5,81,164,231,81,231,45,245
フィラー・フラワー,3,250,168,140,61,136,69,54,22
イノセント・ブルー,5,148,156,111,228,249,226,3,221
クライミング・バトル,4,99,225,5,55,81,69,38,90
マブダチ・バーベキュー,3,86,182,145,89,166,141,161,34
真紅の教槍,5,150,135,100,230,28,39,48,48
ヘルズキッチン,4,179,25,13,197,234,57,31,70
青き空の学び舎,3,44,233,27,184,210,31,225,18
掲げるは我が心,5,201,15,122,111,54,109,158,237
誠の蛍火,5,161,200,218,177,62,22,247,219
晴れの日,4,105,187,214,109,202,92,57,214
金色ノ原,3,26,28,71,230,162,49,98,177
姫巫女の寸暇,5,197,237,121,97,198,207,136,192
恋のお呪い,5,136,63,194,44,27,69,50,33
王者の気質,4,179,232,12,198,188,127,57,142
神の舌,3,185,217,67,172,233,211,185,91
そして、大江山にて,4,58,24,134,131,182,24,51,148
ミステリー・トレジャー,5,182,73,179,84,169,71,128,11
グレイテスト・オーシャン,4,18,77,19,44,39,24,223,88
カラー・ミー・トゥルー,3,144,23,189,176,147,0,153,188
ライク・ア・バード,5,89,226,121,78,252,171,87,187
トゥインクル・スター,5,150,205,244,227,197,202,105,181
レッド・ボックス,4,91,226,13,164,74,143,251,223
フリーズ・フレーム,3,21,179,244,123,164,28,99,190
チェリー・アイシクル,5,20,165,76,16,108,84,205,54
春の琴線,5,169,163,68,126,217,153,248,179
笑うコタツに福来る,4,122,193,145,51,184,52,201,21
勇敢なるもの,3,20,31,76,102,154,72,166,210
一寸姫,5,156,111,58,144,53,16,64,10
禅の箱庭,4,105,17,60,216,135,225,183,219
腰を掛け,3,57,199,4,252,244,144,205,237
愛し子を縫う,5,188,153,156,46,195,200,28,52
クック・ハート,5,171,139,110,216,2,100,234,7
ビター・ジュエル,4,59,35,198,220,41,238,15,208
ディア・フレンド,3,130,75,20,103,162,252,1,246
ホワイト・ガーデン,5,22,127,196,133,61,248,42,107
フラワー・アンド・カフェ,5,169,168,199,196,52,15,143,240
クラブ・アルゴノーツ,5,26,89,229,215,55,129,167,93
ラウンズ・オン・アイス,4,76,139,79,121,6,58,18,64
百鬼夜行,4,216,59,109,230,152,37,151,161
カルデア・イレブン,3,185,148,244,188,39,170,114,89
至高の学び舎,3,134,67,249,57,53,104,116,208
スプレッド・ガン,3,124,216,204,12,35,65,33,228
∞ドリーム,3,109,37,233,103,87,99,129,210
フラワー・サンシャイン,5,28,117,161,206,92,165,218,163
カルデア・スターズ,4,165,17,113,14,198,161,90,231
キャメロット・レッスン,3,216,15,55,109,106,150,13,45
茜の空に咲く,5,24,199,210,180,41,129,75,77
担い手はここに孤り,5,249,54,102,188,93,248,54,179
貴石の魔弾,4,75,24,182,122,143,145,255,244
虚数属性,4,67,6,111,238,135,232,220,240
願望の器,4,19,24,204,117,29,97,255,51
持たざる者,3,185,26,101,76,82,117,173,184
2018年のグロスター,4,188,213,95,171,199,2,5,11
エンジェル・ハート,5,164,149,71,218,27,53,83,57
ピンキー・ビーチ,4,156,240,111,172,112,78,128,53
パイレーツ・オブ・ジャングル,3,232,249,52,23,197,103,248,6
トレジャー・オブ・カリビアン,5,28,255,228,35,140,32,23,196
黄金の軌跡,4,137,248,156,212,93,175,171,119
彩る海の街角で,3,60,31,52,223,2,88,46,133
オーシャン・フライヤー,5,194,171,92,113,195,78,153,84
シンク・ディーパー,5,143,97,101,34,106,122,115,54
魔道元帥,5,44,135,164,89,119,7,28,104
サマー・アニバーサリー,5,249,211,124,157,229,148,120,87
リーディング・ホリデー,4,114,54,173,34,189,9,77,184
ゴッフ・スペシャル,3,137,3,125,34,61,161,199,24
妙なる帳の中へ,5,156,7,240,254,3,196,56,56
冬の結晶,4,225,248,255,54,225,165,36,147
銀花の白き姫,5,138,193,52,176,15,97,213,6
ちいさな猫のロンド,4,250,61,18,86,217,35,117,88
プロタゴニスタ,3,180,139,121,130,111,153,76,176
翡翠の髪状,5,145,240,77,134,242,108,119,254
小人の仕立て屋さん,5,35,11,59,181,199,56,199,251
ベア・キングス,5,225,44,150,19,252,142,191,229
失意燃ゆる,5,221,157,100,196,88,30,95,221
愛・乱麻,4,40,151,78,46,19,53,140,159
その瞳は逃がさない,3,137,121,142,204,119,127,32,38
花と舞う妓,5,172,27,70,248,2,232,79,217
悠久の果てを求めて,5,33,147,172,142,147,238,223,255
ホーリー・ハート,5,28,195,182,173,32,26,57,146
サウザンド・ナイツ,4,49,112,87,181,184,115,199,234
ウィッシュ・カム・トゥルー,3,178,179,195,115,48,114,76,220
ライク・ア・レディ,5,97,150,93,246,198,161,19,232
冬の聖女,5,44,107,4,57,153,46,151,142
庭園の守り人,4,209,124,74,218,62,165,189,95
穂群原学園生徒会長,3,203,218,182,19,120,48,108,52
エンプティ・ガーデン,5,58,214,156,104,145,146,113,169
一陽来復,4,20,155,235,110,16,249,155,1
眠り続ける街,3,249,89,180,58,218,89,53,32
ファースト・ドローイング,5,209,99,173,196,43,156,230,221
心尽くしの,4,10,200,180,54,167,147,201,164
マキシマムオーバードライヴ,3,35,227,143,171,188,222,171,23
バレンタイン・ウィッチーズ,5,9,192,58,223,240,197,126,29
メルティ・ラブ,4,73,241,35,252,158,249,44,191
ホット・ショコラトル,3,18,102,178,197,197,73,213,126
お疲れ様です！,5,158,241,101,112,182,200,147,14
一夜の夢,5,252,56,60,179,36,118,10,146
ウォーターガンバトル,5,42,133,232,145,210,142,76,103
探偵ヱドモン～最後の事件編～,4,237,90,10,119,24,253,103,152
バディ・コップ,4,45,135,243,236,83,61,121,221
月夜の邂逅,4,169,148,194,159,111,41,239,63
カルデア・エクスプレス,3,104,223,173,5,23,66,214,14
アルティメット・ハーモニー,3,105,4,111,207,210,33,225,243
カルデア不良組,3,164,235,83,9,198,206,110,32
パワーショット,3,166,155,45,172,82,96,130,67
ギャラクシー・ケラウノス,5,154,28,67,99,55,217,119,217
ドック・キュケオン,4,113,224,199,135,143,136,235,247
ひみつ会社 アサシン,3,253,180,151,60,42,76,102,143
チェック・レディ,5,140,209,51,187,232,10,0,65
コスモカルデア高等学園,5,145,240,107,110,183,122,232,187
無尽の塵山,4,146,220,5,209,49,112,205,50
荒兇の骨塚,4,203,122,125,146,95,186,183,182
幽冥娘娘,5,31,83,12,237,57,214,64,49
虎視眈々,4,3,98,242,130,82,59,207,255
天下往来,3,254,83,202,166,27,24,38,145
スタァの休日,5,148,223,8,231,94,11,112,129
狼のはなし,5,11,241,52,143,199,120,176,203
幻想の姫,5,44,19,100,207,178,71,178,38
華の楽土,4,159,120,164,199,250,172,243,55
告解の惑い場,4,99,240,127,106,165,153,106,157
クランクイン,5,201,231,116,180,53,115,247,237
ちびっこ王国の冒険,5,194,212,49,103,47,174,155,127
ジュラシック・ドリーム,4,133,138,134,123,118,52,20,231
プレジャー・ハント,3,216,158,102,38,82,97,147,90
蛮竜の牙床,4,137,132,154,115,90,105,249,239
群雄の証跡,4,213,11,110,228,219,199,19,50
八百土の晶洞,4,153,185,230,238,14,106,148,229
概念礼装EXPカード：おき太,3,105,171,103,192,137,99,221,15
概念礼装EXPカード：ノッブ,4,58,180,76,199,176,233,14,161
謝肉祭,4,214,87,165,2,7,160,153,12
概念礼装EXPカード：謎の物質α,4,254,233,240,97,128,1,4,24
概念礼装EXPカード：謎の物質β,3,206,197,41,198,44,28,145,49
カルデアスタンダード,4,254,17,5,39,32,34,34,36
クラウンセイバー,4,214,128,128,0,0,1,0,0
クラウンセイバー・モルガン,4,94,167,73,54,209,38,14,112
牧場のチョコ,4,94,11,21,137,129,1,1,128
皇帝チョコ,4,131,189,203,174,249,188,251,191
エンローバーフォトン,4,228,51,25,67,221,110,38,118
マキシム・ド・シュヴァリエ,4,156,27,27,195,165,166,33,34
ヴィクトリーローズ,4,86,76,113,51,33,13,8,129
八つ橋チョコ,4,201,191,253,240,200,161,58,97
ストロベリーサンダークランチチョコ,4,133,45,106,73,162,218,90,150
五月の風,4,88,110,220,244,7,171,245,53
アップル・アロー・チョコ,4,188,7,70,178,51,178,96,48
へびチョコ（てきとう）,4,244,45,97,30,96,60,12,128
タスケテ,4,188,233,7,216,97,13,81,1
是非もないチョコ,4,22,149,10,181,133,74,5,170
たこたこメイデン,4,115,50,141,175,94,71,244,124
ビター・ピッチブラック,4,228,75,75,121,57,51,163,179
ワールドエンド・ホワイト,4,3,150,181,122,150,102,71,255
氷の叡智チョコ,4,61,248,210,220,152,45,50,60
ブランドチョコ,4,250,89,65,14,28,68,4,4
名刀薄緑チョコ風味,4,202,108,24,208,39,241,155,56
王家の白馬,4,194,27,25,198,182,12,49,70
手作りクッキーと物体Ｘ,4,71,120,80,252,170,97,31,67
ジョッキボンボン,4,36,245,99,35,114,50,180,164
トレジャー・チョコレート,4,121,17,175,255,127,205,66,77
クリスマスの思い出,4,60,45,72,165,26,66,177,128
メリー☆メリー,4,182,105,33,12,51,24,98,232
カボチャメイデン,4,212,133,167,34,33,8,0,0
ショコラ・ジュエル,4,86,10,184,12,22,44,101,228
重箱洋菓子九重巡り,4,14,158,176,79,45,6,39,32
パウダー・シュガー・スノー・テイル,4,214,137,147,172,1,147,41,1
へびチョコ（愛を込めて）,4,180,157,41,124,40,4,66,9
ドスチョコ・ビター,4,54,115,158,102,57,237,41,128
ジャワより愛をこめて,4,124,55,153,154,222,166,10,148
ブラッドルビー・チョコレート,4,191,169,8,22,99,96,30,241
おかあさんへ,4,170,60,210,143,18,192,72,32
ドゥ・スタリオンチョコ,4,169,98,203,148,207,51,254,179
リボン付清姫,4,22,146,230,185,24,133,48,76
ワンダフル・ライフ,4,34,169,103,178,30,209,103,8
ヘキサゴン・チョコボルト,4,220,67,54,161,97,228,8,12
st.オルレアン,4,124,252,30,189,30,57,24,185
概念礼装EXPカード：九字兼定,3,58,240,107,195,53,110,214,169
概念礼装EXPカード：刻印虫,3,49,231,153,105,214,74,109,245
高級和菓子,4,24,117,192,21,210,249,175,157
特製お団子,4,194,117,84,37,245,49,188,33
君もドラゴンセット,4,86,35,233,163,150,139,62,65
ささやかな愉しみを、君と,4,179,176,156,118,139,231,115,140
バナナ（ハヌマーン贈呈）,4,82,151,204,50,182,34,141,162
いと気高き希望の花よ,4,46,66,233,45,155,214,25,229
お肌の味方,4,48,213,197,47,56,160,216,246
でんせつのオーブチョコ,4,124,45,211,136,52,163,136,97
カエサル式ケーナ,4,6,138,106,117,117,11,56,30
ジャンヌファンクラブセット,4,216,59,42,36,10,198,170,164
部屋はもう取ってあるんだが,4,109,51,51,195,210,193,193,192
シルバーボックス,4,75,243,14,92,70,30,108,158
ラピス・ラズリの腕飾り,4,171,140,43,198,241,206,43,207
こんぼう（バーベキュー味）,4,148,225,47,239,7,11,2,4
交流式ライトニングクッキー,4,105,66,59,152,227,198,152,74
カルナへの一矢,4,150,217,201,173,73,73,73,73
ブルースカイ・ヴァニラＭｔ．,4,218,35,172,7,180,180,167,180
ジュエルカット・スターズ,4,161,189,195,143,109,228,71,102
今から間に合う家事セット,4,246,87,72,35,31,28,40,137
～ベスト・オブ・トリスタン～,4,99,35,221,238,183,55,183,107
ありきたりチョコ（？）,4,34,30,204,215,56,87,63,147
お返しはキスで,4,9,195,51,15,118,249,183,241
名も知れぬ記念銀貨,4,211,108,102,28,121,217,154,102
アビシャグに捧ぐ愛,4,49,125,27,151,141,149,53,230
わくわくざぶーん優待チケット,4,190,84,4,135,161,58,137,65
シルバーバレット,4,178,159,83,90,149,133,217,152
究極の美味に至るまで,4,222,140,50,67,195,9,153,83
ひよこ豆のペーストと…,4,150,31,41,230,11,36,149,97
落陽のピアス,4,65,245,158,98,215,207,135,47
ワールドエンド・キャッスル,4,124,141,83,36,204,4,112,25
チョコレートドライバー,4,86,82,109,137,216,155,136,132
白い花,4,195,41,146,13,156,83,227,82
赤い花,4,150,150,217,45,36,198,73,228
DHA,4,35,60,49,50,149,201,82,181
鉄観音茶（？）,4,201,77,152,182,107,135,9,18
なんのへんてつもないちょこ,4,254,91,170,67,24,88,57,28
ハートチョコ・ビタービタービター,4,118,161,114,83,79,109,105,166
たまごチョコ,4,22,197,166,198,177,232,36,152
ルーン石のチョコ,4,122,64,159,190,210,5,232,211
1999年の残滓,4,60,167,243,56,204,142,179,102
パックス・ロマーナ,4,170,83,17,233,44,60,206,49
トロイの木馬（手の平サイズ）,4,150,61,169,77,201,66,36,145
感謝の白薔薇,4,90,186,186,96,81,148,67,226
カカオの実,4,246,71,44,77,76,0,188,136
白紙の勧進帳（弁慶サイン付）,4,153,227,97,248,148,193,133,45
アイアン・マシュマロ,4,185,233,188,45,45,153,179,54
メイヴちゃん印のハニーチョコ,4,62,142,229,91,144,174,160,9
勇者の杯,4,58,115,68,65,73,73,73,72
スフィンクス・アウラード,4,166,90,28,133,5,192,99,208
自由なるカカワトル,4,59,198,94,25,97,183,201,12
ヒポグリフぬいぐるみ（１／１）,4,51,25,68,50,152,93,31,173
ラビット・キュート・チョコ,4,114,19,249,196,137,92,70,40
ライダーベルト・レプリカ,4,254,41,22,222,198,160,48,8
Ｓサンダークランチチョコスティック,4,86,74,178,147,121,10,152,65
読みかけのイリアス,4,249,240,248,248,98,75,11,95
ベイヤードのたてがみ,4,38,78,197,43,114,148,42,1
秘密で秘蔵で秘宝アルバム,4,213,65,99,160,53,170,90,170
葉巻とワイン,4,70,7,67,252,248,192,153,163
蟠桃のコンポート,4,180,28,9,44,203,139,124,24
バステニャンＸ号,4,118,21,5,136,104,1,12,128
完璧なるチョッコラート,4,94,241,37,81,36,17,33,34
手作り愛情チョコ,4,166,57,76,108,155,137,96,36
フォウくんマペット,4,58,83,173,37,213,38,154,70
UFO,4,11,194,242,117,112,145,167,45
直流式グレイトフルクッキー,4,171,184,88,154,231,138,241,153
ママのとっておき,4,84,91,4,208,7,0,165,18
ナイルの恵み,4,38,245,232,115,37,83,22,143
モンブラン・オ・ショコラ,4,147,123,109,75,150,189,246,246
ユーフラテスの夕べ,4,233,41,47,109,237,173,237,46
じるクン人形,4,114,7,4,15,4,153,120,216
ちくたくくん,4,208,173,188,171,196,82,131,112
ドルイドの杖,4,61,198,51,217,205,108,54,146
いつか見た幻,4,43,125,18,236,196,252,140,252
すべての源は、数,4,218,231,73,16,250,189,5,224
ジェロニモ式モカシン,4,233,146,60,108,246,109,75,207
青い鳥のようなマウス,4,90,162,180,170,143,135,167,242
155番目のソネット,4,11,27,12,230,155,110,60,147
おもちゃのピアノ,4,142,25,227,177,108,150,109,150
謎のホットココアＸ,4,186,38,94,179,193,68,36,18
ネクタール・ボンボン,4,7,74,249,208,249,118,188,227
アル・ブクール,4,51,59,204,167,51,231,38,179
紅白のチョコ,4,84,235,137,89,73,3,2,84
弾丸と銃,4,177,201,229,116,51,147,147,243
ビターテイスト・サマー,4,126,169,14,116,170,22,134,200
スーパーナイルフラワーズ,4,97,74,214,169,118,218,207,50
手作りライスボール,4,28,157,111,73,151,176,6,109
百個入りチョコ袋,4,148,15,114,134,211,236,13,40
銘菓風魔まんじゅう,4,151,128,70,25,185,206,127,155
ブラック・ブラック・キス,4,181,233,140,101,206,28,51,187
万能布ハッサン,4,115,11,164,220,184,240,231,135
サンソンの栄養チョコドリンク,4,46,236,72,115,201,73,68,147
ホワイト・デスマスク,4,115,179,62,102,99,156,140,102
名月,4,98,99,100,99,35,180,30,15
ゴールデン・ゴールド・セット,4,191,72,91,167,101,38,102,62
スケープゴート,4,231,89,105,131,210,40,40,73
救急キット,4,86,252,145,21,0,10,16,2
ミニクーちゃん,4,114,175,29,159,47,12,0,1
極上源氏柏餅,4,137,25,214,82,51,165,189,48
猪のかぶりもの,4,182,33,100,224,48,56,24,64
何者かの宝剣,4,144,147,193,65,155,217,203,197
瑞典火竜炭火焼サーロイン,4,98,150,108,161,26,187,183,55
あまいもの,4,142,211,243,109,76,152,145,4
祝いの飾り,4,107,139,54,141,240,242,253,217
ピール・ガウガメラ,4,236,28,10,145,34,137,6,153
シ－・ウァレス・ウァレオ,4,148,115,73,51,100,8,34,146
妻からの礼状,4,134,237,113,107,65,58,28,99
叛逆への第一歩,4,147,68,229,106,181,90,187,213
ラビリンスマップ,4,129,156,239,249,242,223,233,239
教会式手作りクッキー,4,124,61,224,202,141,179,1,193
聖女の安らぎ,4,86,120,49,169,66,38,164,16
淹れ立てのコーヒー,4,205,201,252,192,101,37,90,148
自爆大爆発チョコ,4,186,93,54,12,163,132,207,155
たまごチョコ（複数）,4,13,108,167,251,128,83,255,39
悪魔のバンダナ,4,169,157,204,239,102,113,28,151
概念礼装EXPカード：ぐだぐだ明治維新,4,214,140,179,12,157,31,205,49
概念礼装EXPカード：ぐだぐだウェルカム,3,154,70,245,99,98,32,59,129
概念礼装EXPカード：ＢＢショット！,4,245,218,6,49,154,138,138,105
概念礼装EXPカード：宇宙犬,4,67,227,164,51,15,39,211,73
邪悪教典,4,147,80,100,102,254,139,217,93
セーブ・ワイヤー,4,134,30,114,235,241,10,179,195
疾駆する,4,106,13,86,28,5,74,10,83
隕鉄扇,4,244,94,131,36,222,168,180,84
マカロニグラタン,4,77,205,161,29,138,122,110,195
副長謹製の散薬,4,131,110,150,105,237,182,123,90
日輪しるこ,4,96,118,46,92,77,205,52,137
甘い物語,4,105,237,28,47,135,217,255,199
高貴なる壺チョコ,4,109,159,217,21,3,227,195,215
トゲの生えたチョコ塊,4,180,109,75,129,211,0,253,64
スタンディング・ボイルドエッグ,4,43,93,252,247,219,175,199,23
メルティ・ハート,4,37,179,204,186,154,102,217,78
殺生院特上おはぎ,4,161,182,178,186,186,79,104,72
Ｐプリン・ア・ラ・モード,4,27,225,25,55,204,131,103,185
スイートデビルスロット,4,212,1,238,235,12,146,139,132
プレミアム・スナック,4,230,134,142,6,82,98,54,77
緋色の研究,4,12,161,167,125,248,24,202,137
大好きなパンケーキ,4,208,169,12,96,217,6,152,48
美しすぎる皇帝チョコ,4,217,39,181,217,96,153,146,159
イシュタル凱旋門おこし,4,160,227,123,152,61,240,162,129
英霊スティックチョコ,4,1,238,241,185,121,63,222,219
スチームエレクトリカルチョコ,4,210,181,94,195,36,6,203,157
チョコミントクールバレット,4,116,101,107,16,181,42,26,140
バーニング是非もないチョコ,4,60,57,227,12,197,8,242,43
極上生チョコタルト,4,140,207,186,42,73,137,9,61
チョコレート,4,194,53,168,218,240,33,177,113
精進料理,4,35,164,198,213,92,58,165,242
銘菓風魔まんじゅう・改,4,202,35,178,153,105,73,100,16
洋風ぜんざい,4,250,209,11,220,70,4,6,128
甘栗子ちよこれいと,4,84,219,13,176,21,50,9,20
古楓橋,4,86,233,19,231,28,18,67,44
ナンディーチョコ（1/1スケール）,4,221,128,45,173,243,143,153,179
ありきたりで悪い？,4,85,1,232,144,255,121,125,58
レシーバー,4,126,196,49,175,16,128,5,152
シートベルト,4,135,235,164,100,232,91,105,25
チョコの鍵,4,83,146,201,71,86,9,233,54
ピンク・ピグレット,4,185,76,103,54,93,180,246,110
節制と嘘とビタースイート,4,27,237,30,203,104,59,135,220
蓮花愛すは何人ぞ,4,122,161,39,62,203,30,65,68
聖夜のホワイトケーキ,4,158,85,11,112,240,18,104,25
冥界のスイートホーム,4,238,99,40,3,177,189,78,52
ちよこちよこ蛸かいな,4,182,119,90,74,149,148,161,168
裏切りのチョコレートたち,4,105,116,22,47,67,184,92,247
ストレンジャー・アマンド,4,47,73,25,196,207,127,238,68
概念礼装EXPカード：フランの花,4,54,87,79,161,1,196,35,76
概念礼装EXPカード：ぐだぐだまじんさん,4,174,83,124,37,25,161,228,37
概念礼装EXPカード：ぐだぐだ土佐同盟,3,84,123,147,90,81,186,89,128
ボクたちは召喚ができない！,4,166,198,229,169,88,125,45,26
ジャイアントバベッジ,4,110,6,104,33,171,2,53,0
クロスビッキの魔法姫と怪物,4,57,93,84,28,205,34,125,71
拉麺好き好きアナスタシアさん,4,220,15,176,206,236,110,207,57
ビルドアッパーマルタ,4,90,226,140,36,9,204,213,74
演劇的魔人のメランコリー,4,164,78,147,38,176,164,60,2
ままのみみ,4,97,126,230,152,254,78,206,143
ウチの円卓,4,82,167,136,217,169,161,6,100
悪役令嬢は悪女をぶち抜きたい！,4,225,88,240,135,30,241,71,157
詠天流受法用心集,4,230,58,36,178,68,123,228,255
カレー×ライス,4,50,212,108,166,78,100,200,232
Little little bullet,4,51,49,248,84,122,184,222,207
概念礼装EXPカード：ドルセント・ショップ,4,60,43,201,210,22,9,224,76
概念礼装EXPカード：猪王,4,70,65,178,54,19,233,217,188
レイニー・ブリッジ,4,38,58,188,7,234,9,181,73
ヴィイ（自立型）,4,150,177,115,102,24,141,134,9
猪突猛進チョコ,4,212,214,123,33,166,147,97,166
チョコ式ミニゴーレム,4,63,104,60,131,192,172,194,148
愛すべき子の下で、書を読む,4,251,161,30,188,161,169,62,59
漆黒の指揮棒,4,198,114,41,154,100,61,192,77
クサントス,4,60,9,68,226,156,188,13,196
初段授与,4,146,201,89,108,230,49,115,28
枕元の邪竜,4,150,199,199,96,244,46,0,80
おでんチョコ,4,116,141,47,153,146,99,113,45
懐中時計＆カエルチョコ,4,246,30,53,164,163,36,169,116
木綿の首巻き,4,97,23,188,233,78,181,175,237
軍用糧食（缶詰）,4,133,231,9,114,244,139,43,73
眼鏡,4,161,102,206,49,92,204,115,221
アイスキャンディ,4,238,67,17,192,11,16,69,58
紫水晶の砂糖菓子,4,209,37,62,65,194,249,241,6
ホワイトドルフィン・ドリーム,4,209,232,247,126,217,174,182,219
綿飴,4,171,193,144,245,253,251,247,255
鞍馬山名産・やつでまんじゅう,4,146,74,50,213,117,41,106,30
ノットハート・チョコレート,4,126,130,167,105,27,22,20,84
マスター・イン・ザ・チョコレート,4,158,110,96,80,16,160,177,200
メイヴちゃん印の濃厚カカオチョコ,4,126,175,1,150,104,162,136,32
ネビュラスイート,4,225,166,154,155,255,225,39,255
異界の果実,4,28,77,114,51,44,177,147,24
雪見ホワイトチョコ,4,171,195,237,210,114,57,22,246
護法少女チョコ,4,252,204,105,25,227,198,51,16
項羽の剣,4,194,203,102,47,89,68,158,82
美貌を隠す仮面,4,227,140,54,29,218,226,29,230
パンダ,4,149,70,252,17,126,112,106,202
不老不死の仙丹,4,88,55,22,33,230,25,71,143
玉髄チョコ,4,94,129,1,73,12,12,12,4
当世風贈答菓子,4,39,226,99,28,41,156,136,159
最高のニンジン,4,130,38,255,46,134,84,64,72
ヒポちゃん,4,122,75,4,240,105,196,147,17
闘争の始まりと終わりを告げるチョコラーテ,4,186,49,102,17,113,132,217,228
舌甘雀の和三盆,4,11,236,60,44,203,70,121,211
木剣,4,50,230,157,12,228,198,142,201
少女のカカオ三点盛り,4,114,239,70,5,161,42,68,69
絵巻チョコレート,4,171,181,208,231,205,218,120,109
概念礼装EXPカード：ぐだぐだ天魔王×３,4,90,15,228,115,71,156,68,102
概念礼装EXPカード：毘沙門天ぞ是にあり！,3,4,115,150,62,193,240,70,33
概念礼装EXPカード：はじめてのカレー,4,47,99,184,80,150,189,94,226
概念礼装EXPカード：謎の物質γ,3,161,240,229,253,249,26,151,205
概念礼装EXPカード：窮鼠,4,105,98,167,140,51,70,141,237
トロピカル・メモリア,4,170,108,12,208,175,174,85,0
グランド・チョコレート,4,250,131,85,40,69,0,20,65
愛のある（笑）チョコ,4,193,199,198,147,243,155,231,127
水銀チョコ,4,125,142,98,81,253,135,224,208
ワインと星のチョコレート,4,203,153,28,39,212,56,179,193
ファッジ,4,97,176,247,238,153,103,63,155
プレミアチョコケーキ,4,244,199,66,123,217,194,148,128
ありきたりの奇跡的な石,4,145,167,233,115,123,92,62,51
幸運の塊,4,62,129,139,31,163,139,112,83
夜更かしの語らい,4,89,201,141,143,204,60,244,240
医療用チョコ,4,173,138,201,196,71,121,173,22
初心者用狩りセット,4,86,132,186,70,10,226,65,176
干し柿,4,168,243,126,26,27,25,9,13
うつけ瓢箪,4,102,102,196,54,81,6,200,4
びしゃもんてんチョコ,4,214,5,224,165,5,32,71,10
一服の茶,4,75,166,73,156,183,73,230,231
ミニチュア・アルゴー,4,154,19,251,98,92,94,161,126
アポロン人形,4,210,205,134,9,233,50,201,182
チョコカップケーキ,4,153,151,194,155,135,166,245,56
カタメカクレウィッグ,4,116,67,67,75,236,86,140,18
夏王朝万能万年筆と木簡,4,100,55,207,98,113,62,2,217
恋するあなたへの贈り物,4,116,131,201,73,102,153,102,139
サロメからあなたへ,4,110,13,135,121,97,248,20,198
カルデア・ニューオーダー,4,118,177,15,198,3,51,128,9
パフェ・魔剣破り,4,78,152,248,205,224,241,136,72
チョコレートケーキ・バニーホワイト,4,33,44,89,171,246,166,124,43
ジェットチョコ羊羹,4,45,26,69,240,243,215,243,11
ブルーバード・ゼリーアイス,4,124,51,34,190,105,223,139,232
和菓子風チョコ＋手紙,4,187,69,78,215,71,51,208,18
とんでもないものを盗んでいくためのチョコ,4,142,12,152,115,44,217,114,165
ちよこちよこ蛸ねつけ,4,104,147,104,233,253,164,197,68
スペースジオラマチョコ,4,39,105,116,57,140,86,156,46
ＳＣＢ（スペース・チョコレート・バー）,4,152,227,139,86,72,53,115,97
うーさーみーみー,4,180,101,71,11,146,0,132,132
鏡餅もっちりチョコ,4,35,234,127,91,132,181,249,240
チョコレート風味アンプル,4,99,54,199,54,155,211,220,231
トライスター・ベルト（手製）,4,25,104,207,214,216,157,218,183
手作りブラウニーとホットミルク,4,86,131,105,114,29,137,80,28
デュランダル・レプリカ,4,184,159,101,53,44,154,0,22
華清宮銘菓 温泉饅頭,4,42,191,202,37,213,166,20,132
いとお菓子,4,91,189,246,128,178,19,246,128
概念礼装EXPカード：ようこそ邪馬台国！,4,178,37,104,61,8,114,134,218
概念礼装EXPカード：猛者と無敵,3,198,19,182,15,29,251,56,66
概念礼装EXPカード：ロデオ,4,182,202,104,138,242,44,52,237
カルデア・スプリングホリディ,4,86,137,211,37,72,19,37,120
ジェミニ・スイート,4,72,181,170,17,64,11,52,90
聖エルモの火,4,229,249,50,59,253,155,222,207
マグヌス・ルプス,4,157,225,6,57,228,30,102,222
ちょっと焦げたクロワッサン,4,95,72,7,26,128,13,250,227
冒険を知る者だけの眺め,4,165,165,41,108,201,202,181,237
カルデア・ポートレイト,4,41,103,226,189,6,152,69,209
ふつうの友チョコ,4,23,236,165,139,43,121,212,87
じゅらしっくちょこじゃ,4,88,1,23,35,55,131,151,161
ファースト・バレンタイン,4,87,248,220,44,223,230,231,102
スターリィ・ナイト,4,228,215,156,88,99,160,24,50
一夏の蜃気楼セット,4,156,41,1,150,125,245,26,35
滋養印ゼリー,4,150,150,238,231,196,151,146,195
スプレッド☆レインボー！,4,29,220,108,167,196,124,83,235
幸せを報告する義理チョコ,4,245,171,39,97,66,83,91,146
ライブラリ・アイスクリーム,4,195,56,186,201,90,252,245,223
ヴァルキリー・ウェディング,4,67,24,88,55,59,236,187,234
光のヒミチョコ,4,118,161,220,147,36,210,17,112
深夜の一杯,4,121,113,60,13,143,179,214,217
木彫りの百舌鳥,4,86,99,25,180,160,241,19,40
ゴッホのチョコマリナード（未遂）,4,106,125,236,114,26,97,1,67
メモリーズ,4,213,40,63,193,198,63,141,221
デビルズフードケーキ,4,46,41,121,100,137,5,138,144
道満の符,4,113,233,228,123,186,51,57,154
鬼種チョコレートセット,4,89,28,179,141,214,109,134,201
封じられた最上の美味,4,116,93,91,153,65,17,1,98
チャンピオントロフィー,4,37,140,156,50,250,231,231,251
匠の餅,4,195,233,140,242,71,30,89,47
源平せんべい,4,245,136,99,200,12,99,222,232
開けてびっくり天狗チョコ,4,149,161,32,248,248,241,62,92
ヘブンリー・ハート,4,29,5,146,254,100,223,74,104
概念礼装EXPカード：阿国座カルデア公演,4,227,240,156,142,202,143,89,125
概念礼装EXPカード：謎の蘭丸X飛来！,3,169,89,110,245,51,154,246,119
概念礼装EXPカード：虎と遭難,4,114,39,12,17,235,148,72,189
カルデア・プティアンジュ,4,85,144,214,147,88,245,90,165
作品名：チョコによる自刻像ver.2,4,57,91,214,236,243,222,15,59
鶴とショコラと温もりと,4,1,82,7,101,153,125,51,246
ふたりの銀河,4,240,13,91,155,176,232,113,124
キャメロット物語,4,60,114,187,98,119,164,176,134
一口チョコマウンテン,4,220,193,119,232,17,3,181,18
踊るレッドパイル,4,75,181,150,86,155,192,150,105
つよつよドラゴンハート,4,145,148,123,177,191,198,252,185
美しくも儚い花,4,67,165,156,23,230,27,207,59
ピンクピストルチョコ,4,169,248,61,157,13,215,214,38
ハベにゃんハット,4,169,249,7,158,235,19,248,69
虚影の塵,4,83,121,44,22,165,150,229,242
仲良し煉獄チョコ,4,110,228,129,27,200,126,163,163
ウルトラソリッドアイスチョコ,4,148,30,41,164,162,85,35,23
新鮮な魚セット,4,31,174,72,121,201,234,193,206
ホワイト・ピジョン,4,218,82,99,133,33,128,136,3
トースト・ハニーヤナギ,4,94,132,224,10,150,181,152,220
カルデア・サマーオーダー,4,92,218,232,101,45,143,226,89
おぞましき魔王のチョコ,4,208,192,252,19,209,115,207,101
神殿騎士団の悲喜劇,4,193,29,86,70,229,51,176,58
デーツチョコ,4,214,44,44,42,70,67,233,4
ハロウィン・パーティーナイト！,4,188,154,161,8,45,106,112,157
白の誓約,4,169,75,66,25,220,156,235,207
出雲キセルチョコ,4,58,13,151,10,4,37,152,51
謎の蘭丸チョコX,4,171,135,104,137,62,232,8,118
シュトレン！,4,248,147,101,143,194,210,39,226
絶好の釣り場,4,27,120,191,69,120,55,100,249
ダマスク鋼の短剣,4,206,101,38,198,164,37,142,202
ＮＦＦエクストラ,4,156,47,39,8,124,82,14,36
王の彫像チョコ,4,244,163,0,82,144,183,1,212
ばぜなん式バレンタイン用甘味,4,146,253,108,109,68,189,45,5
概念礼装EXPカード：Ｓバニヤン降臨,4,124,177,180,79,36,50,121,4
概念礼装EXPカード：大黒天＆アニング降臨,3,244,208,12,238,13,113,2,119
